<?xml version="1.0" encoding="UTF-8" standalone="no" ?><CAERep ObjId="45" Type="CAERep" Ver="2"><DSEnvironmentID PropType="int">24</DSEnvironmentID><ExternalProductVersion PropType="string">2024 R1</ExternalProductVersion><Goal PropType="string">RunSolver</Goal><HasBetaKeyOn PropType="bool">false</HasBetaKeyOn><InProcess PropType="bool">true</InProcess><LastDatabaseId PropType="unsigned int">69</LastDatabaseId><NumProcessorsForPost PropType="int">0</NumProcessorsForPost><PID_Legacy_Solve PropType="int">0</PID_Legacy_Solve><PartialCode PropType="int">1</PartialCode><ProductVersion PropType="string">24.1 RELEASE</ProductVersion><ProductVersionForSec PropType="string">24.1</ProductVersionForSec><ProjectName PropType="string">wbnew--Static Structural (A5)</ProjectName><ReturnCode PropType="int">1</ReturnCode><SolveInvokedFromAddin PropType="int">0</SolveInvokedFromAddin><SysvarMap PropType="map&lt;string,string>"><Entry key="DSSolver ProgId">AMKSolver.AMKSolver.241</Entry></SysvarMap><EngineeringRep ObjId="46" Type="EngineeringRep" Ver="2"><BCRep ObjId="49" Type="BCRep" Ver="2"><StepEndTimes PropType="vector&lt;double>" UCat="Time" Unt="s">    1</StepEndTimes><EdgeForce ObjId="38" Type="Force" Ver="2"><Caption PropType="string">Force</Caption><LoadAppliedBy PropType="unsigned int">0</LoadAppliedBy><LoadDefineBy PropType="unsigned int">0</LoadDefineBy><RefCoordSysId PropType="unsigned int">23</RefCoordSysId><Scoping PropType="vector&lt;string>">39</Scoping><LoadStep ObjId="63" Type="LoadStep" Ver="2"><ActiveBitmask PropType="vector&lt;int>">63</ActiveBitmask><IsActive PropType="vector&lt;bool>">true</IsActive><Number PropType="vector&lt;int>"/></LoadStep><ComponentX ObjId="64" Type="Table" Ver="2"><StepNumber PropType="vector&lt;int>">1,1</StepNumber><Time PropType="vector&lt;double>" UCat="Time" Unt="s">    0,    1</Time><Values PropType="vector&lt;double>" UCat="Force" Unt="N">  100,  100</Values></ComponentX><ComponentY ObjId="65" Type="Table" Ver="2"><StepNumber PropType="vector&lt;int>">1,1</StepNumber><Time PropType="vector&lt;double>" UCat="Time" Unt="s">    0,    1</Time><Values PropType="vector&lt;double>" UCat="Force" Unt="N">    0,    0</Values></ComponentY><ComponentZ ObjId="66" Type="Table" Ver="2"><StepNumber PropType="vector&lt;int>">1,1</StepNumber><Time PropType="vector&lt;double>" UCat="Time" Unt="s">    0,    1</Time><Values PropType="vector&lt;double>" UCat="Force" Unt="N">    0,    0</Values></ComponentZ></EdgeForce><FixedEdgeSupport ObjId="36" Type="Support" Ver="2"><Caption PropType="string">Fixed Support</Caption><Scoping PropType="vector&lt;string>">37</Scoping><Type PropType="string"/></FixedEdgeSupport></BCRep><GeometryAttributes ObjId="47" Type="GeometryAttributes" Ver="2"><AssemblyAttributes ObjId="48" Type="AssemblyAttributes" Ver="2"><ElementOptionControl PropType="string">ProgramControlled</ElementOptionControl><GeometrySource PropType="string">C:\Users\Miraj\AppData\Local\Temp\WB_Miraj_12576_2\wbnew_files\dp0\SYS\DM\SYS.agdb</GeometrySource><Is2DAnalysis PropType="bool">false</Is2DAnalysis><IsMixedDimension PropType="bool">false</IsMixedDimension><PartAttributes ObjId="19" Type="PartAttributes" Ver="2"><Caption PropType="string">Surface Body Bodies</Caption><Mass PropType="double" UCat="Mass" Unt="kg">0.006756731220866501</Mass><PartId PropType="unsigned int">3</PartId><BodyAttributes ObjId="20" Type="BodyAttributes" Ver="2"><AreNonLinearEffectsOn PropType="bool">true</AreNonLinearEffectsOn><BoundingBoxDiagonal PropType="double" UCat="Length" Unt="m">0.06708203782559327</BoundingBoxDiagonal><Caption PropType="string">Surface Body</Caption><ElementCoordSysId PropType="unsigned int">23</ElementCoordSysId><GeometryType PropType="string">Sheet</GeometryType><Mass PropType="double" UCat="Mass" Unt="kg">0.006756731220866501</Mass><ModelType PropType="string">Shell</ModelType><ProtoReferenceId PropType="unsigned int">9</ProtoReferenceId><ProtobufMaterialAssignmentId PropType="int">20</ProtobufMaterialAssignmentId><ShellElementStiffnessOption PropType="string">MembraneBending</ShellElementStiffnessOption><ShellOffsetType PropType="string">Middle</ShellOffsetType><StiffnessBehavior PropType="string">Deformable</StiffnessBehavior><ThermalStrainCalculation PropType="bool">true</ThermalStrainCalculation><Thickness PropType="double" UCat="Length" Unt="m">0.0005</Thickness><MassMomentOfInertia ObjId="55" Type="MassMomentOfInertia" Ver="2"><Ixx PropType="double" UCat="MomentInertiaMass" Unt="kg m^2">5.279677467285262e-07</Ixx><Iyy PropType="double" UCat="MomentInertiaMass" Unt="kg m^2">2.117592605021331e-06</Iyy><Izz PropType="double" UCat="MomentInertiaMass" Unt="kg m^2">2.645560351749858e-06</Izz></MassMomentOfInertia><MaterialRep ObjId="54" Type="MaterialRep" Ver="2"><MaterialName PropType="string">Structural Steel</MaterialName><ReferenceTemperature PropType="double" UCat="Temperature" Unt="Celsius">   22</ReferenceTemperature><RelaxationTemperature PropType="double" UCat="Temperature" Unt="Celsius">    0</RelaxationTemperature><UnitSystem PropType="int">0</UnitSystem><UseReferenceTemperature PropType="bool">false</UseReferenceTemperature><UseRelaxationTemperature PropType="bool">false</UseRelaxationTemperature></MaterialRep></BodyAttributes><Centroid ObjId="56" Type="DSGePoint3d" Ver="3"><Coordinates PropType="vector&lt;double>" UCat="Length" Unt="m">-1.045350292554313e-18,6.533439328464457e-19,    0</Coordinates></Centroid><MassMomentOfInertia ObjId="57" Type="MassMomentOfInertia" Ver="2"><Ixx PropType="double" UCat="MomentInertiaMass" Unt="kg m^2">5.279677467285262e-07</Ixx><Iyy PropType="double" UCat="MomentInertiaMass" Unt="kg m^2">2.117592605021331e-06</Iyy><Izz PropType="double" UCat="MomentInertiaMass" Unt="kg m^2">2.645560351749858e-06</Izz><CoordinateSystemRep ObjId="58" Type="CoordinateSystemRep" Ver="3"><Caption PropType="string">Undefined</Caption><CoordSystemIndex PropType="unsigned int">0</CoordSystemIndex><IsGlobal PropType="bool">false</IsGlobal><Param1 PropType="double">    1</Param1><Param2 PropType="double">    1</Param2><Singularity1 PropType="int">0</Singularity1><Singularity2 PropType="int">0</Singularity2><SolverCoordNumber PropType="unsigned int">0</SolverCoordNumber><Type PropType="string">Cartesian</Type><DSGePoint3d ObjId="60" Type="DSGePoint3d" Ver="3"><Coordinates PropType="vector&lt;double>" UCat="Length" Unt="m">-1.045350292554313e-18,6.533439328464457e-19,    0</Coordinates></DSGePoint3d><Matrix3X3 ObjId="59" Type="Matrix3X3" Ver="2"><IsOrthogonal PropType="bool">false</IsOrthogonal><Row0 PropType="vector&lt;double>">    1,    0,    0</Row0><Row1 PropType="vector&lt;double>">    0,    1,    0</Row1><Row2 PropType="vector&lt;double>">    0,    0,    1</Row2></Matrix3X3></CoordinateSystemRep></MassMomentOfInertia></PartAttributes></AssemblyAttributes></GeometryAttributes><ServiceRep ObjId="50" Type="ServiceRep" Ver="2"><CoordinateSystemRep ObjId="23" Type="CoordinateSystemRep" Ver="3"><Caption PropType="string">Global Coordinate System</Caption><CoordSystemIndex PropType="unsigned int">0</CoordSystemIndex><IsGlobal PropType="bool">true</IsGlobal><Param1 PropType="double">    1</Param1><Param2 PropType="double">    1</Param2><Singularity1 PropType="int">0</Singularity1><Singularity2 PropType="int">0</Singularity2><SolverCoordNumber PropType="int">0</SolverCoordNumber><Type PropType="string">Cartesian</Type><DSGePoint3d ObjId="62" Type="DSGePoint3d" Ver="3"><Coordinates PropType="vector&lt;double>" UCat="Length" Unt="m">    0,    0,    0</Coordinates></DSGePoint3d><Matrix3X3 ObjId="61" Type="Matrix3X3" Ver="2"><IsOrthogonal PropType="bool">false</IsOrthogonal><Row0 PropType="vector&lt;double>">    1,    0,    0</Row0><Row1 PropType="vector&lt;double>">    0,    1,    0</Row1><Row2 PropType="vector&lt;double>">    0,    0,    1</Row2></Matrix3X3></CoordinateSystemRep></ServiceRep></EngineeringRep><GeometryRep ObjId="53" Type="GeometryRep" Ver="2"><ActiveAssembly PropType="unsigned int">1</ActiveAssembly><PartsAssembly PropType="string">0000000002C0C258</PartsAssembly><Units PropType="string">m</Units></GeometryRep><MaterialLibraryRep ObjId="52" Type="MaterialLibraryRep" Ver="2"><FileName PropType="string">MatML.xml</FileName></MaterialLibraryRep><MeshRep ObjId="51" Type="MeshRep" Ver="2"><AssemblyMesh PropType="string">000000003B75F028</AssemblyMesh><Configuration PropType="unsigned int">42</Configuration><IndependentMesh PropType="string">IndependentMesh.bin</IndependentMesh><RigidBodyBehavior PropType="string">DimensionallyReduced</RigidBodyBehavior><Units PropType="string">m</Units></MeshRep><SolverRep ObjId="67" Type="SolverRep" Ver="2"><AnalysisType PropType="string">Static</AnalysisType><PhysicsType PropType="string">Mechanical</PhysicsType><SolverTargetName PropType="string">ANSYS</SolverTargetName><SolverUnits PropType="int">11</SolverUnits><UnknownPointerId PropType="string">0000000008F715A8</UnknownPointerId><FEConnectorsRep ObjId="26" Type="FEConnectorsRep" Ver="2"><StepSelection PropType="int">0</StepSelection></FEConnectorsRep><FileManagementRep ObjId="69" Type="FileManagementRep" Ver="2"><DeleteUnneededFiles PropType="bool">true</DeleteUnneededFiles><SolverFileDirectory PropType="string"/><SolverFileRelativeDirectory PropType="string"/></FileManagementRep><ProcessControls ObjId="68" Type="ProcessControls" Ver="2"><DistributedSolve PropType="bool">true</DistributedSolve><IsLocal PropType="bool">true</IsLocal><IsRSMSolve PropType="bool">false</IsRSMSolve><ManualMemorySettings PropType="bool">false</ManualMemorySettings><MaxProcessors PropType="int">4</MaxProcessors></ProcessControls><AnalysisSettings CAEType="extObj"><StaticMechanicalSettings version="1.0"><StepControls version="1.0"><EndTime>1.</EndTime><TimeStepOptions version="1.0"><AutoTimeSteppingType>ProgramControlled</AutoTimeSteppingType></TimeStepOptions><NonlinearControls version="1.0"><Force><ProgramControlled/></Force><Moment><ProgramControlled/></Moment><Rotation><ProgramControlled/></Rotation><Displacement><ProgramControlled/></Displacement><LineSearch>ProgramControlled</LineSearch><StabilizationControls><StabilizationControls version="1.0"><Controls>Program Controlled</Controls><Method>Energy</Method><EnergyDissipationRatio>1.e-004</EnergyDissipationRatio><DampingFactor>0.</DampingFactor><FirstSubstepOption>No</FirstSubstepOption><ForceLimit>0.2</ForceLimit></StabilizationControls></StabilizationControls><Energy><ProgramControlled/></Energy></NonlinearControls><OutputControls version="1.0"><Stress>true</Stress><Strain>true</Strain><Contact>false</Contact><TimePointsOptions>All</TimePointsOptions><MaxNumberofResultSets>1000</MaxNumberofResultSets><GeneralMisc>false</GeneralMisc><CalculateFracture>false</CalculateFracture><BackStress>false</BackStress><ElementContactData>true</ElementContactData><ElementNonlinearData>false</ElementNonlinearData><ElementEulerAngles>true</ElementEulerAngles><ElementEnergies>true</ElementEnergies><ElementEnergies>true</ElementEnergies><ExportRecoaterInterference>false</ExportRecoaterInterference><ExportHighStrains>false</ExportHighStrains><OutputSelection>None</OutputSelection><ResultSetsType>Auto</ResultSetsType><CacheResultsInMemoryType>Never</CacheResultsInMemoryType><StoreModalResult>ProgramControlled</StoreModalResult><ExpandResultFrom>ProgramControlled</ExpandResultFrom><ProgControlledExpansion>Unknown</ProgControlledExpansion><NodalForcesType>No</NodalForcesType><CalculateParticipationFactorResult>ProgramControlled</CalculateParticipationFactorResult><CombineResultFiles>ProgramControlled</CombineResultFiles><ResultFileCompression>ProgramControlled</ResultFileCompression><TimePointsOptions>All</TimePointsOptions><ResultSets></ResultSets></OutputControls><CreepControls version="1.0"><CreepActivation/><CreepLimitRatio>1.</CreepLimitRatio></CreepControls><NonlinearAdaptivityControls version="3.0"><NLADHasMesh>0.</NLADHasMesh><NLADRefinementAlgorithm>0.</NLADRefinementAlgorithm><NLADRemeshingGradient>3.</NLADRemeshingGradient><NLADNumSculptedLayers>2.</NLADNumSculptedLayers><NLADNumSculptedLayersVal2>2.</NLADNumSculptedLayersVal2><NLADBoundaryAngle>15.</NLADBoundaryAngle><NLADRemeshingTolerance>5.e-002</NLADRemeshingTolerance><NLADRemeshingToleranceVal2>0.5</NLADRemeshingToleranceVal2><NLADGlobalSizeRatio>1.</NLADGlobalSizeRatio><NLADGlobalSizeRatioVal2>0.75</NLADGlobalSizeRatioVal2><NLADEdgeSplitAngle>10.</NLADEdgeSplitAngle><NLADLocalSizeRatio>1.</NLADLocalSizeRatio><NLADAggressiveRemeshing>0.</NLADAggressiveRemeshing><NLADProjectToGeometry>0.</NLADProjectToGeometry><MinimumElementSize>0.</MinimumElementSize></NonlinearAdaptivityControls><InertialRelief>false</InertialRelief><InverseSolving>false</InverseSolving><LoadCaseIdentifier></LoadCaseIdentifier></StepControls><SolverControls version="1.0"><SolverType><ProgramControlled/></SolverType><UseLargeDeformation>false</UseLargeDeformation><WeakSprings><Off/></WeakSprings><FractureSolution>true</FractureSolution><NewtonRaphsonType><ProgramControlled/></NewtonRaphsonType><SolverPivotChecking>ProgramControlled</SolverPivotChecking><ContactSplit><ProgramControlled/></ContactSplit><QuasiStaticOption>false</QuasiStaticOption><SemiImplicit><Off/></SemiImplicit><CyclicMSUP>false</CyclicMSUP></SolverControls><SolverFileControls version="1.0"><SolverEngineType>ANSYS</SolverEngineType><SolverUnits>11</SolverUnits><SolverFilesDirectory>C:\Users\Miraj\AppData\Local\Temp\WB_Miraj_12576_2\wbnew_files\dp0\SYS\MECH\</SolverFilesDirectory><SolverJobname>file</SolverJobname><ScratchSolverFilesDirectory>C:\Users\Miraj\AppData\Local\Temp\WB_Miraj_12576_2\_ProjectScratch\ScrBE1D\</ScratchSolverFilesDirectory><AdditionalList></AdditionalList><SaveANSYSDB>false</SaveANSYSDB><ContactSummary>kAnalysisSettingsContactSummaryProgramControlled</ContactSummary><DeleteUnusedFiles>true</DeleteUnusedFiles><ResultFile></ResultFile><NonlinearSolution>false</NonlinearSolution></SolverFileControls><RestartAnalysis version="1.0"><RestartType>ProgramControlled</RestartType><RestartAction>ContinueAnalysis</RestartAction><RestartAtLoadStep>0</RestartAtLoadStep><RestartAtSubstep>0</RestartAtSubstep><RestartAtTime>0.000000000000000</RestartAtTime><EndStepTime>0.000000000000000</EndStepTime><MaxRestartAutoTime>0.000000000000000</MaxRestartAutoTime><ModifiedLoads></ModifiedLoads></RestartAnalysis><RestartControls version="1.0"><Controls>ProgramControlled</Controls><SaveAtLoadStep>None</SaveAtLoadStep><SaveSpecifiedLoadStep>1</SaveSpecifiedLoadStep><SaveAtSubstep>None</SaveAtSubstep><SaveSubstepFrequency>1</SaveSubstepFrequency><SaveMaximumFiles>0</SaveMaximumFiles><RetainFiles>No</RetainFiles><CombineMultiFrames>ProgramControlled</CombineMultiFrames></RestartControls><FractureControls version="1.0"><FractureSolverControls><HasSMARTCrackGrowth>false</HasSMARTCrackGrowth></FractureSolverControls></FractureControls><RotordynamicsControls version="1.0"><CoriolisEffect>No</CoriolisEffect><ReferenceFrameStationary>Stationary</ReferenceFrameStationary><RotatingDampingEffect>No</RotatingDampingEffect><CampbellDiagram>No</CampbellDiagram><Sorting>Yes</Sorting><ModalNumberofPoints>2</ModalNumberofPoints><ModeReuse>ProgramControlled</ModeReuse></RotordynamicsControls><MeshRestartControls version="1.0"><Controls>ProgramControlled</Controls><SaveAtLoadStep>None</SaveAtLoadStep><SaveAtSubstep>None</SaveAtSubstep><SaveSubstepFrequency>1</SaveSubstepFrequency><RetainFiles>Yes</RetainFiles></MeshRestartControls></StaticMechanicalSettings></AnalysisSettings></SolverRep></CAERep>